﻿<?xml version="1.0" encoding="utf-8"?>
<DeploymentInfo LightningDeployMode="true" ContinueOnItemDeployError="false" DeleteAction="Ignore">
  <DeployedItems RecursiveDeployAction="Ignore">
    <DeployedItem Id="0de95ae4-41ab-4d01-9eb0-67441b7c2450" Name="content" Parent="{11111111-1111-1111-1111-111111111111}" Database="master" ItemIneligible="false" KeepChildrenInSync="false" />
    <DeployedItem Id="110d559f-dea5-42ea-9c1c-8a5df7e70ef9" Name="Home" Parent="{0DE95AE4-41AB-4D01-9EB0-67441B7C2450}" Database="master" ItemIneligible="false" KeepChildrenInSync="false" />
    <DeployedItem Id="02f3dc0b-0a9c-4ff9-9a9c-8c25e518de89" Name="Folder" Parent="{110D559F-DEA5-42EA-9C1C-8A5DF7E70EF9}" Database="master" ItemIneligible="false" KeepChildrenInSync="false" />
    <DeployedItem Id="aae3e4ed-7533-40a5-a178-aff7507b8619" Name="New page" Parent="{110D559F-DEA5-42EA-9C1C-8A5DF7E70EF9}" Database="master" ItemIneligible="false" KeepChildrenInSync="false" />
    <DeployedItem Id="36863fd0-116c-403e-b5c3-56a830db62b4" Name="sai" Parent="{110D559F-DEA5-42EA-9C1C-8A5DF7E70EF9}" Database="master" ItemIneligible="false" KeepChildrenInSync="false" />
    <DeployedItem Id="89ff4739-7962-461c-91b3-0485eb7cd84f" Name="test tds" Parent="{110D559F-DEA5-42EA-9C1C-8A5DF7E70EF9}" Database="master" ItemIneligible="false" KeepChildrenInSync="true" />
    <DeployedItem Id="619f41b4-86ba-4d26-9e5c-2baaad306373" Name="test3" Parent="{110D559F-DEA5-42EA-9C1C-8A5DF7E70EF9}" Database="master" ItemIneligible="false" KeepChildrenInSync="false" />
    <DeployedItem Id="fd5c4b78-0153-4d0c-b0ed-14c3d4028448" Name="test4" Parent="{110D559F-DEA5-42EA-9C1C-8A5DF7E70EF9}" Database="master" ItemIneligible="false" KeepChildrenInSync="false" />
    <DeployedItem Id="d89c8bf4-66db-4cd8-9df7-9437f2032296" Name="test5" Parent="{110D559F-DEA5-42EA-9C1C-8A5DF7E70EF9}" Database="master" ItemIneligible="false" KeepChildrenInSync="false" />
    <DeployedItem Id="c7fb75da-efa3-4e12-950d-c6b41e3cb73b" Name="test6" Parent="{110D559F-DEA5-42EA-9C1C-8A5DF7E70EF9}" Database="master" ItemIneligible="false" KeepChildrenInSync="false" />
    <DeployedItem Id="b3525dbf-a354-474c-a4f5-8f561aa3c875" Name="test7" Parent="{110D559F-DEA5-42EA-9C1C-8A5DF7E70EF9}" Database="master" ItemIneligible="false" KeepChildrenInSync="true" />
    <DeployedItem Id="eb2e4ffd-2761-4653-b052-26a64d385227" Name="layout" Parent="{11111111-1111-1111-1111-111111111111}" Database="master" ItemIneligible="false" KeepChildrenInSync="false" />
    <DeployedItem Id="75cc5ce4-8979-4008-9d3c-806477d57619" Name="Layouts" Parent="{EB2E4FFD-2761-4653-B052-26A64D385227}" Database="master" ItemIneligible="false" KeepChildrenInSync="false" />
    <DeployedItem Id="3e3ca9a2-a390-4abb-bad5-fb3aa60ff155" Name="Customer" Parent="{75CC5CE4-8979-4008-9D3C-806477D57619}" Database="master" ItemIneligible="false" KeepChildrenInSync="false" />
    <DeployedItem Id="32566f0e-7686-45f1-a12f-d7260bd78bc3" Name="Renderings" Parent="{EB2E4FFD-2761-4653-B052-26A64D385227}" Database="master" ItemIneligible="false" KeepChildrenInSync="false" />
    <DeployedItem Id="bb76d123-823f-4291-9798-b3131c58cce0" Name="Sales" Parent="{32566F0E-7686-45F1-A12F-D7260BD78BC3}" Database="master" ItemIneligible="false" KeepChildrenInSync="false" />
    <DeployedItem Id="3c1715fe-6a13-4fcf-845f-de308ba9741d" Name="templates" Parent="{11111111-1111-1111-1111-111111111111}" Database="master" ItemIneligible="false" KeepChildrenInSync="true" />
    <DeployedItem Id="21a39ecf-8b99-4291-93e3-ae84725e1c36" Name="test" Parent="{3C1715FE-6A13-4FCF-845F-DE308BA9741D}" Database="master" ItemIneligible="false" KeepChildrenInSync="true" />
    <DeployedItem Id="43a60d34-f1ee-4cb4-9ce8-990da278889f" Name="test" Parent="{21A39ECF-8B99-4291-93E3-AE84725E1C36}" Database="master" ItemIneligible="false" KeepChildrenInSync="true" />
    <DeployedItem Id="3dfa9c98-fda8-4317-a2e9-468d4bd45426" Name="age" Parent="{43A60D34-F1EE-4CB4-9CE8-990DA278889F}" Database="master" ItemIneligible="false" KeepChildrenInSync="true" />
    <DeployedItem Id="79150271-460e-422f-a66c-50050517267d" Name="name" Parent="{43A60D34-F1EE-4CB4-9CE8-990DA278889F}" Database="master" ItemIneligible="false" KeepChildrenInSync="true" />
  </DeployedItems>
  <ItemFile Id="0de95ae4-41ab-4d01-9eb0-67441b7c2450" ItemDeployment="NeverDeploy" ChildItemSynchronization="NoChildSynchronization" ParentId="{11111111-1111-1111-1111-111111111111}" ItemPath="/sitecore/content" SitecoreDatabase="master" />
  <ItemFile Id="110d559f-dea5-42ea-9c1c-8a5df7e70ef9" ItemDeployment="DeployOnce" ChildItemSynchronization="NoChildSynchronization" ParentId="{0DE95AE4-41AB-4D01-9EB0-67441B7C2450}" ItemPath="/sitecore/content/Home" SitecoreDatabase="master" />
  <ItemFile Id="02f3dc0b-0a9c-4ff9-9a9c-8c25e518de89" ItemDeployment="DeployOnce" ChildItemSynchronization="NoChildSynchronization" ParentId="{110D559F-DEA5-42EA-9C1C-8A5DF7E70EF9}" ItemPath="/sitecore/content/Home/Folder" SitecoreDatabase="master" />
  <ItemFile Id="aae3e4ed-7533-40a5-a178-aff7507b8619" ItemDeployment="DeployOnce" ChildItemSynchronization="NoChildSynchronization" ParentId="{110D559F-DEA5-42EA-9C1C-8A5DF7E70EF9}" ItemPath="/sitecore/content/Home/New page" SitecoreDatabase="master" />
  <ItemFile Id="36863fd0-116c-403e-b5c3-56a830db62b4" ItemDeployment="DeployOnce" ChildItemSynchronization="NoChildSynchronization" ParentId="{110D559F-DEA5-42EA-9C1C-8A5DF7E70EF9}" ItemPath="/sitecore/content/Home/sai" SitecoreDatabase="master" />
  <ItemFile Id="89ff4739-7962-461c-91b3-0485eb7cd84f" ItemDeployment="DeployOnce" ChildItemSynchronization="NoChildSynchronization" ParentId="{110D559F-DEA5-42EA-9C1C-8A5DF7E70EF9}" ItemPath="/sitecore/content/Home/test tds" SitecoreDatabase="master" />
  <ItemFile Id="619f41b4-86ba-4d26-9e5c-2baaad306373" ItemDeployment="DeployOnce" ChildItemSynchronization="NoChildSynchronization" ParentId="{110D559F-DEA5-42EA-9C1C-8A5DF7E70EF9}" ItemPath="/sitecore/content/Home/test3" SitecoreDatabase="master" />
  <ItemFile Id="fd5c4b78-0153-4d0c-b0ed-14c3d4028448" ItemDeployment="DeployOnce" ChildItemSynchronization="NoChildSynchronization" ParentId="{110D559F-DEA5-42EA-9C1C-8A5DF7E70EF9}" ItemPath="/sitecore/content/Home/test4" SitecoreDatabase="master" />
  <ItemFile Id="d89c8bf4-66db-4cd8-9df7-9437f2032296" ItemDeployment="DeployOnce" ChildItemSynchronization="NoChildSynchronization" ParentId="{110D559F-DEA5-42EA-9C1C-8A5DF7E70EF9}" ItemPath="/sitecore/content/Home/test5" SitecoreDatabase="master" />
  <ItemFile Id="c7fb75da-efa3-4e12-950d-c6b41e3cb73b" ItemDeployment="DeployOnce" ChildItemSynchronization="NoChildSynchronization" ParentId="{110D559F-DEA5-42EA-9C1C-8A5DF7E70EF9}" ItemPath="/sitecore/content/Home/test6" SitecoreDatabase="master" />
  <ItemFile Id="b3525dbf-a354-474c-a4f5-8f561aa3c875" ItemDeployment="DeployOnce" ChildItemSynchronization="NoChildSynchronization" ParentId="{110D559F-DEA5-42EA-9C1C-8A5DF7E70EF9}" ItemPath="/sitecore/content/Home/test7" SitecoreDatabase="master" />
  <ItemFile Id="eb2e4ffd-2761-4653-b052-26a64d385227" ItemDeployment="NeverDeploy" ChildItemSynchronization="NoChildSynchronization" ParentId="{11111111-1111-1111-1111-111111111111}" ItemPath="/sitecore/layout" SitecoreDatabase="master" />
  <ItemFile Id="75cc5ce4-8979-4008-9d3c-806477d57619" ItemDeployment="DeployOnce" ChildItemSynchronization="NoChildSynchronization" ParentId="{EB2E4FFD-2761-4653-B052-26A64D385227}" ItemPath="/sitecore/layout/Layouts" SitecoreDatabase="master" />
  <ItemFile Id="3e3ca9a2-a390-4abb-bad5-fb3aa60ff155" ItemDeployment="DeployOnce" ChildItemSynchronization="NoChildSynchronization" ParentId="{75CC5CE4-8979-4008-9D3C-806477D57619}" ItemPath="/sitecore/layout/Layouts/Customer" SitecoreDatabase="master" />
  <ItemFile Id="32566f0e-7686-45f1-a12f-d7260bd78bc3" ItemDeployment="DeployOnce" ChildItemSynchronization="NoChildSynchronization" ParentId="{EB2E4FFD-2761-4653-B052-26A64D385227}" ItemPath="/sitecore/layout/Renderings" SitecoreDatabase="master" />
  <ItemFile Id="bb76d123-823f-4291-9798-b3131c58cce0" ItemDeployment="DeployOnce" ChildItemSynchronization="NoChildSynchronization" ParentId="{32566F0E-7686-45F1-A12F-D7260BD78BC3}" ItemPath="/sitecore/layout/Renderings/Sales" SitecoreDatabase="master" />
  <ItemFile Id="3c1715fe-6a13-4fcf-845f-de308ba9741d" ItemDeployment="AlwaysUpdate" ChildItemSynchronization="KeepAllChildrenSynchronized" ParentId="{11111111-1111-1111-1111-111111111111}" ItemPath="/sitecore/templates" SitecoreDatabase="master" />
  <ItemFile Id="21a39ecf-8b99-4291-93e3-ae84725e1c36" ItemDeployment="AlwaysUpdate" ChildItemSynchronization="KeepAllChildrenSynchronized" ParentId="{3C1715FE-6A13-4FCF-845F-DE308BA9741D}" ItemPath="/sitecore/templates/test" SitecoreDatabase="master" />
  <ItemFile Id="43a60d34-f1ee-4cb4-9ce8-990da278889f" ItemDeployment="AlwaysUpdate" ChildItemSynchronization="KeepAllChildrenSynchronized" ParentId="{21A39ECF-8B99-4291-93E3-AE84725E1C36}" ItemPath="/sitecore/templates/test/test" SitecoreDatabase="master" />
  <ItemFile Id="3dfa9c98-fda8-4317-a2e9-468d4bd45426" ItemDeployment="AlwaysUpdate" ChildItemSynchronization="KeepAllChildrenSynchronized" ParentId="{43A60D34-F1EE-4CB4-9CE8-990DA278889F}" ItemPath="/sitecore/templates/test/test/age" SitecoreDatabase="master" />
  <ItemFile Id="79150271-460e-422f-a66c-50050517267d" ItemDeployment="AlwaysUpdate" ChildItemSynchronization="KeepAllChildrenSynchronized" ParentId="{43A60D34-F1EE-4CB4-9CE8-990DA278889F}" ItemPath="/sitecore/templates/test/test/name" SitecoreDatabase="master" />
</DeploymentInfo>