﻿<?xml version="1.0" encoding="utf-8"?>
<DeploymentInfo LightningDeployMode="true" ContinueOnItemDeployError="false" DeleteAction="Ignore">
  <DeployedItems RecursiveDeployAction="Ignore">
    <DeployedItem Id="0de95ae4-41ab-4d01-9eb0-67441b7c2450" Name="content" Parent="{11111111-1111-1111-1111-111111111111}" Database="master" ItemIneligible="false" KeepChildrenInSync="false" />
    <DeployedItem Id="110d559f-dea5-42ea-9c1c-8a5df7e70ef9" Name="Home" Parent="{0DE95AE4-41AB-4D01-9EB0-67441B7C2450}" Database="master" ItemIneligible="false" KeepChildrenInSync="false" />
    <DeployedItem Id="aae3e4ed-7533-40a5-a178-aff7507b8619" Name="New page" Parent="{110D559F-DEA5-42EA-9C1C-8A5DF7E70EF9}" Database="master" ItemIneligible="false" KeepChildrenInSync="true" />
    <DeployedItem Id="eb2e4ffd-2761-4653-b052-26a64d385227" Name="layout" Parent="{11111111-1111-1111-1111-111111111111}" Database="master" ItemIneligible="false" KeepChildrenInSync="false" />
    <DeployedItem Id="75cc5ce4-8979-4008-9d3c-806477d57619" Name="Layouts" Parent="{EB2E4FFD-2761-4653-B052-26A64D385227}" Database="master" ItemIneligible="false" KeepChildrenInSync="false" />
    <DeployedItem Id="3e3ca9a2-a390-4abb-bad5-fb3aa60ff155" Name="Customer" Parent="{75CC5CE4-8979-4008-9D3C-806477D57619}" Database="master" ItemIneligible="false" KeepChildrenInSync="true" />
    <DeployedItem Id="32566f0e-7686-45f1-a12f-d7260bd78bc3" Name="Renderings" Parent="{EB2E4FFD-2761-4653-B052-26A64D385227}" Database="master" ItemIneligible="false" KeepChildrenInSync="false" />
    <DeployedItem Id="bb76d123-823f-4291-9798-b3131c58cce0" Name="Sales" Parent="{32566F0E-7686-45F1-A12F-D7260BD78BC3}" Database="master" ItemIneligible="false" KeepChildrenInSync="true" />
  </DeployedItems>
  <ItemFile Id="0de95ae4-41ab-4d01-9eb0-67441b7c2450" ItemDeployment="NeverDeploy" ChildItemSynchronization="NoChildSynchronization" ParentId="{11111111-1111-1111-1111-111111111111}" ItemPath="/sitecore/content" SitecoreDatabase="master" />
  <ItemFile Id="110d559f-dea5-42ea-9c1c-8a5df7e70ef9" ItemDeployment="DeployOnce" ChildItemSynchronization="NoChildSynchronization" ParentId="{0DE95AE4-41AB-4D01-9EB0-67441B7C2450}" ItemPath="/sitecore/content/Home" SitecoreDatabase="master" />
  <ItemFile Id="aae3e4ed-7533-40a5-a178-aff7507b8619" ItemDeployment="DeployOnce" ChildItemSynchronization="NoChildSynchronization" ParentId="{110D559F-DEA5-42EA-9C1C-8A5DF7E70EF9}" ItemPath="/sitecore/content/Home/New page" SitecoreDatabase="master" />
  <ItemFile Id="eb2e4ffd-2761-4653-b052-26a64d385227" ItemDeployment="NeverDeploy" ChildItemSynchronization="NoChildSynchronization" ParentId="{11111111-1111-1111-1111-111111111111}" ItemPath="/sitecore/layout" SitecoreDatabase="master" />
  <ItemFile Id="75cc5ce4-8979-4008-9d3c-806477d57619" ItemDeployment="DeployOnce" ChildItemSynchronization="NoChildSynchronization" ParentId="{EB2E4FFD-2761-4653-B052-26A64D385227}" ItemPath="/sitecore/layout/Layouts" SitecoreDatabase="master" />
  <ItemFile Id="3e3ca9a2-a390-4abb-bad5-fb3aa60ff155" ItemDeployment="DeployOnce" ChildItemSynchronization="NoChildSynchronization" ParentId="{75CC5CE4-8979-4008-9D3C-806477D57619}" ItemPath="/sitecore/layout/Layouts/Customer" SitecoreDatabase="master" />
  <ItemFile Id="32566f0e-7686-45f1-a12f-d7260bd78bc3" ItemDeployment="DeployOnce" ChildItemSynchronization="NoChildSynchronization" ParentId="{EB2E4FFD-2761-4653-B052-26A64D385227}" ItemPath="/sitecore/layout/Renderings" SitecoreDatabase="master" />
  <ItemFile Id="bb76d123-823f-4291-9798-b3131c58cce0" ItemDeployment="DeployOnce" ChildItemSynchronization="NoChildSynchronization" ParentId="{32566F0E-7686-45F1-A12F-D7260BD78BC3}" ItemPath="/sitecore/layout/Renderings/Sales" SitecoreDatabase="master" />
</DeploymentInfo>